Timestamp,SignalId,Source,Message
2247-06-29T00:05:00Z,S001,Station,Status Update
2247-06-29T01:20:00Z,S002,Station,System Check
2247-06-29T03:35:00Z,S003,Station,All Clear
2247-06-29T05:10:00Z,S004,Station,Alert Test
2247-06-29T07:25:00Z,S005,Unknown,Probe Detected
2247-06-29T09:15:00Z,S006,Station,Maintenance Log
2247-06-29T10:01:00Z,S007,Station,Status Update
2247-06-29T10:11:00Z,S008,Unknown,Initiate Phase 1
2247-06-29T10:13:00Z,S009,Unknown,Access granted
2247-06-29T10:16:00Z,S010,Station,All clear
2247-06-29T10:22:00Z,S011,Unknown,Prepare Phase 2
2247-06-29T11:40:00Z,S012,Station,Routine Report
2247-06-29T13:15:00Z,S013,Station,System Update
2247-06-29T15:05:00Z,S014,Station,Navigation Log
2247-06-29T16:30:00Z,S015,Unknown,Signal Jam
2247-06-29T18:20:00Z,S016,Station,Status Check
2247-06-29T19:45:00Z,S017,Station,Alert Test
2247-06-29T21:10:00Z,S018,Unknown,Phase 2 Active
2247-06-29T23:35:00Z,S019,Station,End of Shift